Beef stew,Dinner
Vegetable stew,Dinner
Chili,Dinner
Pulled Pork,Dinner
Beef Brisket,Dinner
Short Ribs,Dinner
Collard Greens,Dinner
Pork Shoulder,Dinner
Game Hen,Dinner
Squirrel,Dinner
Tortellini Bake,Dinner
French fries,Dinner
Lobster,Dinner
Crab,Dinner
Baked potato,Dinner
Sweet potato,Dinner
Shrimp,Dinner
Scallops,Dinner
Spiral Ham,Dinner
Honey Ham,Dinner
Pot Roast,Dinner
Corn,Dinner
Pork Chili,Dinner
Bacon Chili,Dinner
Bean Chili,Dinner
Beef Chili,Dinner
Chicken chili,Dinner
ground beef chili,Dinner
mexican chili,Dinner
vegatable chili,Dinner
white chili,Dinner
Chicken,Dinner
Chicken Casserole,Dinner
Chicken Pot Pie,Dinner
Baked Chicken,Dinner
Beer Can Chicken,Dinner
Buffalo Chicken,Dinner
Chicken Breast,Dinner
Orange Chicken,Dinner
Chicken Enchilada,Dinner
Chicken Leg,Dinner
Chicken Stir-Fry,Dinner
Stir-Fry,Dinner
Chicken Taco,Dinner
chicken thigh,Dinner
chicken wings,Dinner
grilled chicken,Dinner
roasted chicken,Dinner
slow cooker chicken,Dinner
whole chicken,Dinner
asian chicken,Dinner
chicken teriyaki,Dinner
Turkey,Dinner
Turkey Casserole,Dinner
Turkey Pot Pie,Dinner
Turkey Chili,Dinner
Grilled Turkey,Dinner
Ground Turkey,Dinner
Roast Turkey,Dinner
Smoked Turkey,Dinner
Turkey Breast,Dinner
Turkey Burger,Dinner
Chicken Paprikash,Dinner
Chicken Dijon,Dinner
Chicken Devan,Dinner
Dumplings,Dinner
Sausage,Dinner
Knockwurst,Dinner
Bratwurst,Dinner
Roast Beef,Dinner
Quesadilla,Dinner
Burrito,Dinner
Chile Relleno,Dinner
Empanada,Dinner
Enchilada,Dinner
Fajita,Dinner
Chimichanga,Dinner
Stuffed Peppers,Dinner
Pasta Bake,Dinner
Pasta,Dinner
Cacciatore,Dinner
Mac and Cheese,Dinner
Lasagna,Dinner
Manicotti,Dinner
Ravioli,Dinner
Spaghetti,Dinner
Ziti,Dinner
Tetrazzini,Dinner
Tortellini,Dinner
Stroganoff,Dinner
Alfredo,Dinner
Marsala,Dinner
Baked Pasta,Dinner
Beef Pasta,Dinner
Cheese Pasta,Dinner
Chicken Pasta,Dinner
Pasta Casserole,Dinner
Parmesan Pasta,Dinner
Seafood Pasta,Dinner
Sausage Pasta,Dinner
Turkey Pasta,Dinner
Vegetable Pasta,Dinner
Shrimp Pasta,Dinner
Pasta Primavera,Dinner
Tuna Pasta,Dinner
Meatballs,Dinner
Gratin,Dinner
Rice skillet,Dinner
Beef,Dinner
Meatloaf,Dinner
Turkey Meatloaf,Dinner
Ground Beef Meatloaf,Dinner
Baked Casserole,Dinner
Beef Casserole,Dinner
Cheese Casserole,Dinner
Chicken Casserole,Dinner
perogies,Dinner
rice casserole,Dinner
turkey casserole,Dinner
turkey pot pie,Dinner
vegetable casserole,Dinner
casserole,Dinner
pot pie,Dinner
Pork,Dinner
Pork loin,Dinner
chicken parmigiana,Dinner
pasta pomodoro,Dinner
Burger,Dinner
Hamburger,Dinner
Cheeseburger,Dinner
Steakburger,Dinner
Steak,Dinner
Filet Mignon,Dinner
Sirloin steak,Dinner
Strip steak,Dinner
Ribs,Dinner
Barbecue Chicken,Dinner
Barbecue Pork,Dinner
Barbecue,Dinner
Brisket,Dinner
Salmon,Dinner
Soup,Lunch
Chicken Noodle Soup,Lunch
Tortilla Soup,Lunch
Cream Soup,Lunch
Bean Soup,Lunch
Pea Soup,Lunch
Beef Soup,Lunch
Chicken Soup,Lunch
Noodle Soup,Lunch
Pork Soup,Lunch
Seafood Soup,Lunch
Tomato Soup,Lunch
Taco Soup,Lunch
Turkey Soup,Lunch
Vegetable Soup,Lunch
Curry Soup,Lunch
Chowder,Lunch
Salad,Lunch
Curry Salad,Lunch
Fruit Salad,Lunch
Grain Salad,Lunch
Green Salad,Lunch
Taco Salad,Lunch
Vegetable Salad,Lunch
Waldorf Salad,Lunch
Bean Salad,Lunch
Egg Salad,Lunch
Pasta Salad,Lunch
Potato Salad,Lunch
Seafood Salad,Lunch
Turkey Salad,Lunch
Chicken Salad,Lunch
Tuna Salad,Lunch
Sandwich,Lunch
Bacon Sandwich,Lunch
Cheese Sandwich,Lunch
Beef Sandwich,Lunch
Chicken Sandwich,Lunch
Ham Sandwich,Lunch
Pork Sandwich,Lunch
Tuna Sandwich,Lunch
Turkey Sandwich,Lunch
Salami Sandwich,Lunch
BLT,Lunch
Reuben,Lunch
Grilled Cheese,Lunch
Hoagie,Lunch
Chicken Quesadilla,Lunch
Cheese Quesadilla,Lunch
Ham and Cheese Sandwich,Lunch
Cheese Sandwich,Lunch
Sub,Lunch
Gyro,Lunch
Panini,Lunch
Pita,Lunch
Melt,Lunch
Burrito,Lunch
Rice Burrito,Lunch
Potato Burrito,Lunch
Chicken Burrito,Lunch
Steak Burrito,Lunch
Pork Burrito,Lunch
Bean Burrito,Lunch
Pizza,Lunch
Veggie Pizza,Lunch
Pepperoni Pizza,Lunch
Meat Pizza,Lunch
Cheese Pizza,Lunch
Peanut Butter & Jelly Sandwich,Lunch
Calzone,Lunch
Wrap,Lunch
Melange,Lunch
Lettuce Wrap,Lunch
Chicken Wrap,Lunch
Tuna Wrap,Lunch
Bacon ,Breakfast
Bacon egg and cheese sandwich ,Breakfast
Egg and cheese sandwich,Breakfast
Bacon sandwich,Breakfast
Bagel ,Breakfast
Bagel and cream cheese ,Breakfast
Banana,Breakfast
Banana pancakes,Breakfast
Barley honey,Breakfast
Biscuits and gravy ,Breakfast
Biscuits,Breakfast
Cheese Biscuits,Breakfast
Boiled egg ,Breakfast
Breakfast burrito ,Breakfast
Breakfast cereal,Breakfast
Breakfast roll ,Breakfast
Breakfast sandwich ,Breakfast
Breakfast sausage ,Breakfast
Breakfast taco ,Breakfast
Cereal bar ,Breakfast
Chilaquiles ,Breakfast
Crepe,Breakfast
Cinnamon roll ,Breakfast
Creamed eggs on toast ,Breakfast
Cream of Wheat,Breakfast
Croissant ,Breakfast
Croissant sandwich,Breakfast
Crumpets,Breakfast
Donut,Breakfast
Doughnut ,Breakfast
Eggs Benedict,Breakfast
Egg ,Breakfast
Egg in the basket ,Breakfast
Egg sandwich ,Breakfast
Eggs and brains ,Breakfast
Eggs Benedict ,Breakfast
Eggs Neptune ,Breakfast
Energy bar ,Breakfast
English muffin ,Breakfast
French toast ,Breakfast
Fried egg ,Breakfast
Fruit,Breakfast
Parfait,Breakfast
Full breakfast ,Breakfast
Goetta ,Breakfast
Griddle scone ,Breakfast
Grits ,Breakfast
Ham and eggs,Breakfast
Hash ,Breakfast
Hash browns ,Breakfast
Home fries ,Breakfast
Honey,Breakfast
Instant breakfast ,Breakfast
Maple syrup ,Breakfast
McMuffin ,Breakfast
Milk toast ,Breakfast
Muffin ,Breakfast
Danish,Breakfast
Oatmeal ,Breakfast
Omelette ,Breakfast
Orange juice ,Breakfast
Pain au chocolat ,Breakfast
Pain aux raisins ,Breakfast
Palm syrup ,Breakfast
Pancake ,Breakfast
Pastry ,Breakfast
Frittata,Breakfast
Peanut butter ,Breakfast
Poached egg ,Breakfast
Pop-Tarts ,Breakfast
Popcorn cereal,Breakfast
Porridge ,Breakfast
Protein bar ,Breakfast
Quiche,Breakfast
Cinnamon Raisin bread ,Breakfast
Scrambled eggs,Breakfast
Breakfast strata,Breakfast
Sausage ,Breakfast
Sausage gravy ,Breakfast
Scone ,Breakfast
Scrambled eggs ,Breakfast
Soy milk ,Breakfast
Sticky bun,Breakfast
Strata ,Breakfast
Strudel ,Breakfast
Toast ,Breakfast
Tomato omelette ,Breakfast
Waffle ,Breakfast
Yogurt ,Breakfast
Fruit smoothie,Breakfast
Smoothie,Breakfast
Blueberry,Breakfast
Strawberry,Breakfast
Raspberry,Breakfast
Blueberry smoothie,Breakfast
Strawberry smoothie,Breakfast
Raspberry smoothie,Breakfast
Cookie,Dessert
Oatmeal raisin cookie,Dessert
Chocolate chip,Dessert
Chocolate chip cookie,Dessert
Peanut butter cookie,Dessert
Devil's Food Cake,Dessert
Peach cobbler,Dessert
Apple cobbler,Dessert
Dirt Cake,Dessert
Angel Food Cake,Dessert
Cake,Dessert
Tuppakaka,Dessert
Chocolate Cake,Dessert
Ice Cream,Dessert
Tiramisu,Dessert
Chocolate Chunk Cookie,Dessert
Cheesecake,Dessert
Chocolate Cheesecake,Dessert
Blueberry Cheesecake,Dessert
Raspberry Cheesecake,Dessert
Strawberry Cheesecake,Dessert
Cream cheese frosting,Dessert
Apple Pie,Dessert
Cherry Pie,Dessert
Pie,Dessert
Red Velvet,Dessert
Pudding,Dessert
Chocolate Pudding,Dessert
Vanilla Pudding,Dessert
Blueberry pie,Dessert
Pumpkin pie,Dessert
Pecan pie,Dessert
Pistachio cake,Dessert
Angel cake,Dessert
Apple cake,Dessert
Bundt cake,Dessert
Coffee cake,Dessert
Jello,Dessert
Gelatin,Dessert
Cupcake,Dessert
Icing,Dessert
Frosting,Dessert
Vanilla Icing,Dessert
Vanilla Frosting,Dessert
Chocolate Icing,Dessert
Vanilla Glaze,Dessert
Lemon Bars,Dessert
Chocolate Frosting,Dessert
Strawberry tart,Dessert
Kolache,Dessert
Fruitcake,Dessert
Gingerbread,Dessert
Ice cream cake,Dessert
Pound cake,Dessert
Rum cake,Dessert
Torte,Dessert
Chocolate Mousse,Dessert
Milkshake,Dessert
Chocolate Milkshake,Dessert
Vanilla Milkshake,Dessert
Strawberry Milkshake,Dessert
Bread,Bread
Pita Bread,Bread
Banana Bread,Bread
Sourdough Bread,Bread
Herb Bread,Bread
Garlic Bread,Bread
Farls,Bread
Sweet Bread,Bread
Rice Bread,Bread
Black Bread,Bread
Wheat Bread,Bread
Rolls,Bread
Buns,Bread
Oat Bread,Bread
Baguette,Bread
Small Bread,Bread
Brioche,Bread
Rye Bread,Bread
Focaccia,Bread
White bread,Bread
Challah,Bread
Cornbread,Bread
Brown bread,Bread
Panettone,Bread
Lavash,Bread
Roti,Bread
Crouton,Bread
Chapati,Bread
Flatbread,Bread
Potato bread,Bread
Breadstick,Bread
Pretzel,Bread
Baked Pretzel,Bread
Pretzel Roll,Bread
Honey Roll,Bread
Sweet Roll,Bread
Bread Loaf,Bread
Loaf,Bread
Loaf of Bread,Bread
Honey Loaf,Bread
Wheat Roll,Bread
Burger Bun,Bread
Hot Dog Bun,Bread
Crescent Bun,Bread
Crescent Roll,Bread
Whole wheat,Bread
Whole wheat bread,Bread
Corn bread,Bread
Quick bread,Bread
Beer Bread,Bread
Bannock,Bread
Sesame Loaf,Bread
Zeppoli,Bread
Soft Pretzel,Bread
Beignet,Bread
Dough,Bread
Bread Dough,Bread
Pizza Dough,Bread
Pizza Crust,Bread
Crust,Bread
Tortilla,Bread
Cheese Loaf,Bread
Naan,Bread
Lefse,Bread
Barbecue,Dinner
Sweet and Sour,Dinner
Yum Yum,Dinner
Tomato Sauce,Dinner
Salsa,Lunch
Tomato Salsa,Lunch
Hot Salsa,Lunch
Cranberry sauce,Dessert
Tartar sauce,Dinner
Buffalo sauce,Dinner
Buffalo dip,Lunch
Corn dip,Lunch
Cheese dip,Lunch
Dip,Lunch
French onion dip,Lunch
Martini,Drink
Mimosa,Drink
Manhattan,Drink
Margarita,Drink
Daiquiri,Drink
Mojito,Drink
Bloody Mary,Drink
Mint Julep,Drink
Pina Colada,Drink
